1,Lavinia Nolan,4
2,Jed Mohr,5
3,Lucio Green,4
4,Mrs. Selmer Rosenbaum,4
5,Dave Kutch,4
6,Jonathan Weber I,4
7,Vance Walsh,5
8,Laurence Cremin V,4
9,Gabriel Weber,4
10,Shaylee Waelchi,4
11,Jennifer Heller,4
12,Edythe Effertz,4
13,Dr. Dannie Hessel,4
14,Xzavier Hessel,5
15,Tamara Treutel,4
16,Janice Cole,4
17,Rebeca Osinski PhD,5
18,Emma Pollich,5
19,Chandler Kirlin,4
20,Abby Block,4
21,Baron Stroman V,5
22,Mabel Cummerata,5
23,Meta Frami DDS,5
24,Monserrat Koch,5
25,Brock Schmitt,4
26,Hester Durgan,5
27,Korbin Murray,5
28,Karolann Hammes,4
29,Esmeralda Bosco,4
30,Tyra O'Keefe,4
31,Daphnee Bruen,5
32,Kailee Stamm II,4
33,Dereck Schuppe,4
34,Nyasia Prohaska,5
35,Fred Stamm Sr.,5
36,Milford Murazik,5
37,Ms. Ernest Zieme,4
38,Mr. Laila Gottlieb,5
39,Jazmin Schoen,4
40,Samir Lakin,4
41,Mrs. Sienna Walsh,4
42,Lonie Batz,5
43,Kaylie Prohaska I,5
44,Jerrod Raynor,4
45,Halle Schamberger,4
46,Leola Nienow,4
47,Cathryn Schowalter,5
48,Chaz Harris,4
49,Jesse Mitchell,5
50,Erick Lemke,5
51,Sienna Runolfsson II,5
52,Rachael Torp MD,4
53,Emmet Conroy,4
54,Beryl Kunde,5
55,Norwood Kuhic,5
56,Delbert Gaylord V,4
57,Alexandro Gottlieb,5
58,Lamar Dare,5
59,Josefina Kshlerin,4
60,Robbie Tromp,5
61,Seth Fadel,4
62,Carolyn Romaguera,5
63,Mrs. Antoinette Schaden,4
64,Darlene Mertz,4
65,Durward Jakubowski,5
66,Milford Abshire IV,5
67,Miss Ismael Jones,4
68,Elna Stroman,5
69,Nyasia Gusikowski DVM,5
70,Catherine Becker,5
71,Marilie Ullrich,5
72,Rosemary Orn,5
73,Dr. Okey Paucek,5
74,Edwin Lind,5
75,Wilhelm Schinner DDS,4
76,Tyree Kihn,5
77,Donnell Gerhold III,4
78,Laurence Mills PhD,4
79,Glennie Ritchie,4
80,Nakia Schamberger,4
81,Mrs. Connie Kulas,4
82,Esta Cormier,5
83,Haley Bruen,4
84,Jarrett Gleichner MD,5
85,Queen Botsford II,4
86,Dr. Thaddeus Becker,4
87,Dimitri Kilback,4
88,Simone Bergstrom,5
89,Ms. Zena Welch,4
90,Heber Price,4
91,Jacinthe Ritchie MD,4
92,Athena Kreiger I,4
93,Chelsea Lubowitz,4
94,Keith Shields,5
95,Ari Bednar,4
96,Dr. Willy McClure,5
97,Mr. Alan Leuschke,4
98,Aiden Powlowski,4
99,Mrs. Jerad Monahan,4
100,Ms. Holden Schmidt,4
101,Keien Ohta,4
102,Tester Joe,5
